tn,fn,fp,tp,Resample,acc,sensitivity,specificity,balanced_acc,project,classifier,balancing,resampling,metric,max_term,feature,hyper1,value1,hyper2,value2,seed,row
262,216,225,245,Fold01,0.5348101265822784,0.5314533622559653,0.5379876796714579,0.5347205209637116,eclipse,nn,smote,cv10,Accuracy,150,long_description,size,30,decay,0.5,144,1
278,199,246,224,Fold02,0.5300950369588173,0.5295508274231678,0.5305343511450382,0.530042589284103,eclipse,nn,smote,cv10,Accuracy,150,long_description,size,30,decay,0.5,144,1
268,210,224,245,Fold03,0.5417106652587117,0.5384615384615384,0.5447154471544715,0.541588492808005,eclipse,nn,smote,cv10,Accuracy,150,long_description,size,30,decay,0.5,144,1
252,225,219,251,Fold04,0.5311510031678986,0.5273109243697479,0.535031847133758,0.5311713857517529,eclipse,nn,smote,cv10,Accuracy,150,long_description,size,30,decay,0.5,144,1
266,211,203,267,Fold05,0.5628299894403379,0.5585774058577406,0.5671641791044776,0.5628707924811092,eclipse,nn,smote,cv10,Accuracy,150,long_description,size,30,decay,0.5,144,1
267,211,227,243,Fold06,0.5379746835443038,0.5352422907488987,0.5404858299595142,0.5378640603542064,eclipse,nn,smote,cv10,Accuracy,150,long_description,size,30,decay,0.5,144,1
279,198,215,255,Fold07,0.5638859556494192,0.5629139072847682,0.5647773279352226,0.5638456176099954,eclipse,nn,smote,cv10,Accuracy,150,long_description,size,30,decay,0.5,144,1
251,226,218,251,Fold08,0.5306553911205074,0.5262054507337526,0.535181236673774,0.5306933437037633,eclipse,nn,smote,cv10,Accuracy,150,long_description,size,30,decay,0.5,144,1
276,202,217,252,Fold09,0.5575501583949314,0.5550660792951542,0.5598377281947262,0.5574519037449401,eclipse,nn,smote,cv10,Accuracy,150,long_description,size,30,decay,0.5,144,1
273,204,210,259,Fold10,0.5623678646934461,0.5593952483801296,0.5652173913043478,0.5623063198422387,eclipse,nn,smote,cv10,Accuracy,150,long_description,size,30,decay,0.5,144,1
271,206,211,259,Fold01,0.5596620908130939,0.556989247311828,0.5622406639004149,0.5596149556061214,eclipse,nn,smote,cv10,Accuracy,150,long_description,size,30,decay,0.5,283,1
268,209,221,249,Fold02,0.545934530095037,0.5436681222707423,0.5480572597137015,0.545862690992222,eclipse,nn,smote,cv10,Accuracy,150,long_description,size,30,decay,0.5,283,1
273,205,235,235,Fold03,0.5358649789029536,0.5340909090909091,0.5374015748031497,0.5357462419470294,eclipse,nn,smote,cv10,Accuracy,150,long_description,size,30,decay,0.5,283,1
276,202,211,258,Fold04,0.5638859556494192,0.5608695652173913,0.5667351129363449,0.563802339076868,eclipse,nn,smote,cv10,Accuracy,150,long_description,size,30,decay,0.5,283,1
257,220,206,264,Fold05,0.5501583949313622,0.5454545454545454,0.5550755939524838,0.5502650697035146,eclipse,nn,smote,cv10,Accuracy,150,long_description,size,30,decay,0.5,283,1
254,223,227,243,Fold06,0.5248152059134108,0.5214592274678111,0.5280665280665281,0.5247628777671696,eclipse,nn,smote,cv10,Accuracy,150,long_description,size,30,decay,0.5,283,1
275,202,217,252,Fold07,0.5570824524312896,0.5550660792951542,0.5589430894308943,0.5570045843630242,eclipse,nn,smote,cv10,Accuracy,150,long_description,size,30,decay,0.5,283,1
249,229,206,263,Fold08,0.5406546990496304,0.5345528455284553,0.5472527472527473,0.5409027963906012,eclipse,nn,smote,cv10,Accuracy,150,long_description,size,30,decay,0.5,283,1
266,212,212,258,Fold09,0.5527426160337553,0.548936170212766,0.5564853556485355,0.5527107629306507,eclipse,nn,smote,cv10,Accuracy,150,long_description,size,30,decay,0.5,283,1
259,218,242,227,Fold10,0.5137420718816068,0.5101123595505618,0.5169660678642715,0.5135392137074166,eclipse,nn,smote,cv10,Accuracy,150,long_description,size,30,decay,0.5,283,1
262,216,226,244,Fold01,0.5337552742616034,0.5304347826086957,0.5368852459016393,0.5336600142551675,eclipse,nn,smote,cv10,Accuracy,150,long_description,size,30,decay,0.5,1087,1
274,204,222,248,Fold02,0.5506329113924051,0.5486725663716814,0.5524193548387096,0.5505459606051955,eclipse,nn,smote,cv10,Accuracy,150,long_description,size,30,decay,0.5,1087,1
266,211,211,258,Fold03,0.5539112050739958,0.5501066098081023,0.5576519916142557,0.5538793007111791,eclipse,nn,smote,cv10,Accuracy,150,long_description,size,30,decay,0.5,1087,1
259,218,205,264,Fold04,0.5528541226215645,0.5477178423236515,0.5581896551724138,0.5529537487480327,eclipse,nn,smote,cv10,Accuracy,150,long_description,size,30,decay,0.5,1087,1
273,204,243,227,Fold05,0.5279831045406547,0.5266821345707656,0.5290697674418605,0.5278759510063131,eclipse,nn,smote,cv10,Accuracy,150,long_description,size,30,decay,0.5,1087,1
262,216,242,228,Fold06,0.5168776371308017,0.5135135135135135,0.5198412698412699,0.5166773916773917,eclipse,nn,smote,cv10,Accuracy,150,long_description,size,30,decay,0.5,1087,1
252,225,192,278,Fold07,0.5596620908130939,0.5526838966202783,0.5675675675675675,0.5601257320939229,eclipse,nn,smote,cv10,Accuracy,150,long_description,size,30,decay,0.5,1087,1
258,220,237,233,Fold08,0.5179324894514767,0.5143487858719646,0.5212121212121212,0.5177804535420429,eclipse,nn,smote,cv10,Accuracy,150,long_description,size,30,decay,0.5,1087,1
267,210,211,258,Fold09,0.554968287526427,0.5512820512820513,0.5585774058577406,0.554929728569896,eclipse,nn,smote,cv10,Accuracy,150,long_description,size,30,decay,0.5,1087,1
269,208,213,256,Fold10,0.554968287526427,0.5517241379310345,0.558091286307054,0.5549077121190442,eclipse,nn,smote,cv10,Accuracy,150,long_description,size,30,decay,0.5,1087,1
270,207,211,259,Fold01,0.5586061246040127,0.555793991416309,0.5613305613305614,0.5585622763734353,eclipse,nn,smote,cv10,Accuracy,150,long_description,size,30,decay,0.5,2293,1
277,200,226,244,Fold02,0.5501583949313622,0.5495495495495496,0.5506958250497018,0.5501226872996257,eclipse,nn,smote,cv10,Accuracy,150,long_description,size,30,decay,0.5,2293,1
254,223,217,253,Fold03,0.5353748680042238,0.5315126050420168,0.5392781316348195,0.5353953683384182,eclipse,nn,smote,cv10,Accuracy,150,long_description,size,30,decay,0.5,2293,1
261,216,213,257,Fold04,0.5469904963041182,0.5433403805496829,0.5506329113924051,0.546986645971044,eclipse,nn,smote,cv10,Accuracy,150,long_description,size,30,decay,0.5,2293,1
271,206,219,251,Fold05,0.5512143611404435,0.5492341356673961,0.5530612244897959,0.5511476800785959,eclipse,nn,smote,cv10,Accuracy,150,long_description,size,30,decay,0.5,2293,1
257,221,244,225,Fold06,0.5089757127771911,0.5044843049327354,0.5129740518962076,0.5087291784144715,eclipse,nn,smote,cv10,Accuracy,150,long_description,size,30,decay,0.5,2293,1
271,207,216,253,Fold07,0.5533262935586061,0.55,0.5564681724845996,0.5532340862422997,eclipse,nn,smote,cv10,Accuracy,150,long_description,size,30,decay,0.5,2293,1
265,212,223,246,Fold08,0.540169133192389,0.537117903930131,0.5430327868852459,0.5400753454076885,eclipse,nn,smote,cv10,Accuracy,150,long_description,size,30,decay,0.5,2293,1
275,203,226,244,Fold09,0.5474683544303798,0.5458612975391499,0.5489021956087824,0.5473817465739661,eclipse,nn,smote,cv10,Accuracy,150,long_description,size,30,decay,0.5,2293,1
249,229,211,258,Fold10,0.5353748680042238,0.5297741273100616,0.5413043478260869,0.5355392375680743,eclipse,nn,smote,cv10,Accuracy,150,long_description,size,30,decay,0.5,2293,1
253,224,222,247,Fold01,0.5285412262156448,0.524416135881104,0.5326315789473685,0.5285238574142362,eclipse,nn,smote,cv10,Accuracy,150,long_description,size,30,decay,0.5,3581,1
250,227,216,254,Fold02,0.53220696937698,0.5280665280665281,0.5364806866952789,0.5322736073809036,eclipse,nn,smote,cv10,Accuracy,150,long_description,size,30,decay,0.5,3581,1
265,213,234,236,Fold03,0.5284810126582279,0.5256124721603563,0.531062124248497,0.5283372982044267,eclipse,nn,smote,cv10,Accuracy,150,long_description,size,30,decay,0.5,3581,1
276,202,218,252,Fold04,0.5569620253164557,0.5550660792951542,0.5587044534412956,0.5568852663682249,eclipse,nn,smote,cv10,Accuracy,150,long_description,size,30,decay,0.5,3581,1
256,221,187,282,Fold05,0.5687103594080338,0.5606361829025845,0.5778781038374717,0.5692571433700282,eclipse,nn,smote,cv10,Accuracy,150,long_description,size,30,decay,0.5,3581,1
283,194,224,246,Fold06,0.5586061246040127,0.5590909090909091,0.5581854043392505,0.5586381567150798,eclipse,nn,smote,cv10,Accuracy,150,long_description,size,30,decay,0.5,3581,1
287,190,215,255,Fold07,0.5723336853220697,0.5730337078651685,0.5717131474103586,0.5723734276377636,eclipse,nn,smote,cv10,Accuracy,150,long_description,size,30,decay,0.5,3581,1
263,215,212,258,Fold08,0.54957805907173,0.5454545454545454,0.5536842105263158,0.5495693779904306,eclipse,nn,smote,cv10,Accuracy,150,long_description,size,30,decay,0.5,3581,1
245,232,229,240,Fold09,0.5126849894291755,0.5084745762711864,0.5168776371308017,0.5126761067009941,eclipse,nn,smote,cv10,Accuracy,150,long_description,size,30,decay,0.5,3581,1
289,189,215,254,Fold10,0.573389651531151,0.5733634311512416,0.5734126984126984,0.57338806478197,eclipse,nn,smote,cv10,Accuracy,150,long_description,size,30,decay,0.5,3581,1
604,104,363,115,Fold01,0.606239460370995,0.5251141552511416,0.6246122026887281,0.5748631789699348,eclipse,nn,smote,cv10,Accuracy,150,long_description,size,30,decay,0.5,144,2
584,124,335,143,Fold02,0.6129848229342327,0.5355805243445693,0.6354733405875952,0.5855269324660822,eclipse,nn,smote,cv10,Accuracy,150,long_description,size,30,decay,0.5,144,2
557,151,341,138,Fold03,0.5855096882898062,0.47750865051903113,0.6202672605790646,0.5488879555490478,eclipse,nn,smote,cv10,Accuracy,150,long_description,size,30,decay,0.5,144,2
582,126,317,161,Fold04,0.6264755480607083,0.5609756097560976,0.6473859844271412,0.6041807970916194,eclipse,nn,smote,cv10,Accuracy,150,long_description,size,30,decay,0.5,144,2
559,148,308,171,Fold05,0.6155143338954469,0.5360501567398119,0.6447520184544406,0.5904010875971263,eclipse,nn,smote,cv10,Accuracy,150,long_description,size,30,decay,0.5,144,2
548,160,323,156,Fold06,0.5930918281381634,0.4936708860759494,0.6291618828932262,0.5614163844845877,eclipse,nn,smote,cv10,Accuracy,150,long_description,size,30,decay,0.5,144,2
590,117,324,155,Fold07,0.6281618887015177,0.5698529411764706,0.6455142231947484,0.6076835821856095,eclipse,nn,smote,cv10,Accuracy,150,long_description,size,30,decay,0.5,144,2
573,135,342,137,Fold08,0.5981465880370682,0.5036764705882353,0.6262295081967213,0.5649529893924783,eclipse,nn,smote,cv10,Accuracy,150,long_description,size,30,decay,0.5,144,2
606,102,358,120,Fold09,0.612141652613828,0.5405405405405406,0.6286307053941909,0.5845856229673657,eclipse,nn,smote,cv10,Accuracy,150,long_description,size,30,decay,0.5,144,2
582,125,342,137,Fold10,0.606239460370995,0.5229007633587787,0.6298701298701299,0.5763854466144542,eclipse,nn,smote,cv10,Accuracy,150,long_description,size,30,decay,0.5,144,2
605,103,356,123,Fold01,0.6133108677337826,0.5442477876106194,0.6295525494276795,0.5869001685191495,eclipse,nn,smote,cv10,Accuracy,150,long_description,size,30,decay,0.5,283,2
560,148,300,179,Fold02,0.6225779275484414,0.5474006116207951,0.6511627906976745,0.5992817011592348,eclipse,nn,smote,cv10,Accuracy,150,long_description,size,30,decay,0.5,283,2
595,113,329,150,Fold03,0.6276326874473462,0.5703422053231939,0.6439393939393939,0.6071407996312939,eclipse,nn,smote,cv10,Accuracy,150,long_description,size,30,decay,0.5,283,2
601,107,362,116,Fold04,0.6045531197301856,0.5201793721973094,0.6240913811007269,0.5721353766490181,eclipse,nn,smote,cv10,Accuracy,150,long_description,size,30,decay,0.5,283,2
546,162,331,147,Fold05,0.5843170320404721,0.47572815533980584,0.6225769669327252,0.5491525611362655,eclipse,nn,smote,cv10,Accuracy,150,long_description,size,30,decay,0.5,283,2
554,153,300,178,Fold06,0.6177215189873417,0.5377643504531722,0.6487119437939111,0.5932381471235416,eclipse,nn,smote,cv10,Accuracy,150,long_description,size,30,decay,0.5,283,2
582,125,322,157,Fold07,0.6231028667790893,0.5567375886524822,0.6438053097345132,0.6002714491934977,eclipse,nn,smote,cv10,Accuracy,150,long_description,size,30,decay,0.5,283,2
603,105,361,118,Fold08,0.607413647851727,0.5291479820627802,0.6255186721991701,0.5773333271309752,eclipse,nn,smote,cv10,Accuracy,150,long_description,size,30,decay,0.5,283,2
568,140,329,149,Fold09,0.6045531197301856,0.5155709342560554,0.633221850613155,0.5743963924346052,eclipse,nn,smote,cv10,Accuracy,150,long_description,size,30,decay,0.5,283,2
577,130,312,167,Fold10,0.627318718381113,0.5622895622895623,0.6490438695163104,0.6056667159029363,eclipse,nn,smote,cv10,Accuracy,150,long_description,size,30,decay,0.5,283,2
603,105,392,87,Fold01,0.5812973883740522,0.453125,0.6060301507537689,0.5295775753768844,eclipse,nn,smote,cv10,Accuracy,150,long_description,size,30,decay,0.5,1087,2
592,116,343,136,Fold02,0.6133108677337826,0.5396825396825397,0.6331550802139038,0.5864188099482217,eclipse,nn,smote,cv10,Accuracy,150,long_description,size,30,decay,0.5,1087,2
553,155,337,141,Fold03,0.5851602023608768,0.47635135135135137,0.6213483146067416,0.5488498329790464,eclipse,nn,smote,cv10,Accuracy,150,long_description,size,30,decay,0.5,1087,2
585,123,364,115,Fold04,0.5897219882055602,0.4831932773109244,0.6164383561643836,0.549815816737654,eclipse,nn,smote,cv10,Accuracy,150,long_description,size,30,decay,0.5,1087,2
560,147,320,158,Fold05,0.6059071729957806,0.5180327868852459,0.6363636363636364,0.5771982116244412,eclipse,nn,smote,cv10,Accuracy,150,long_description,size,30,decay,0.5,1087,2
573,135,312,166,Fold06,0.6231028667790893,0.5514950166112956,0.6474576271186441,0.5994763218649699,eclipse,nn,smote,cv10,Accuracy,150,long_description,size,30,decay,0.5,1087,2
580,127,314,165,Fold07,0.6281618887015177,0.565068493150685,0.6487695749440716,0.6069190340473782,eclipse,nn,smote,cv10,Accuracy,150,long_description,size,30,decay,0.5,1087,2
588,120,361,118,Fold08,0.594776748104465,0.4957983193277311,0.6195995785036881,0.5576989489157096,eclipse,nn,smote,cv10,Accuracy,150,long_description,size,30,decay,0.5,1087,2
612,96,365,113,Fold09,0.6112984822934233,0.5406698564593302,0.6264073694984647,0.5835386129788974,eclipse,nn,smote,cv10,Accuracy,150,long_description,size,30,decay,0.5,1087,2
593,114,319,160,Fold10,0.6349072512647554,0.583941605839416,0.6502192982456141,0.617080452042515,eclipse,nn,smote,cv10,Accuracy,150,long_description,size,30,decay,0.5,1087,2
583,124,353,125,Fold01,0.5974683544303797,0.5020080321285141,0.6228632478632479,0.562435639995881,eclipse,nn,smote,cv10,Accuracy,150,long_description,size,30,decay,0.5,2293,2
606,101,353,125,Fold02,0.6168776371308017,0.5530973451327433,0.6319082377476538,0.5925027914401986,eclipse,nn,smote,cv10,Accuracy,150,long_description,size,30,decay,0.5,2293,2
581,126,322,157,Fold03,0.6222596964586846,0.5547703180212014,0.6434108527131783,0.5990905853671898,eclipse,nn,smote,cv10,Accuracy,150,long_description,size,30,decay,0.5,2293,2
574,134,305,174,Fold04,0.6301600673967986,0.564935064935065,0.6530147895335608,0.6089749272343129,eclipse,nn,smote,cv10,Accuracy,150,long_description,size,30,decay,0.5,2293,2
592,116,353,125,Fold05,0.6045531197301856,0.5186721991701245,0.6264550264550265,0.5725636128125755,eclipse,nn,smote,cv10,Accuracy,150,long_description,size,30,decay,0.5,2293,2
580,128,308,170,Fold06,0.6323777403035413,0.5704697986577181,0.6531531531531531,0.6118114759054356,eclipse,nn,smote,cv10,Accuracy,150,long_description,size,30,decay,0.5,2293,2
589,119,367,112,Fold07,0.590564448188711,0.48484848484848486,0.6161087866108786,0.5504786357296818,eclipse,nn,smote,cv10,Accuracy,150,long_description,size,30,decay,0.5,2293,2
569,139,317,162,Fold08,0.615838247683235,0.5382059800664452,0.6422121896162528,0.590209084841349,eclipse,nn,smote,cv10,Accuracy,150,long_description,size,30,decay,0.5,2293,2
569,139,367,112,Fold09,0.573715248525695,0.44621513944223107,0.6079059829059829,0.5270605611741069,eclipse,nn,smote,cv10,Accuracy,150,long_description,size,30,decay,0.5,2293,2
591,117,366,113,Fold10,0.5930918281381634,0.49130434782608695,0.6175548589341693,0.5544296033801281,eclipse,nn,smote,cv10,Accuracy,150,long_description,size,30,decay,0.5,2293,2
587,120,349,129,Fold01,0.6042194092827005,0.5180722891566265,0.6271367521367521,0.5726045206466893,eclipse,nn,smote,cv10,Accuracy,150,long_description,size,30,decay,0.5,3581,2
557,151,303,175,Fold02,0.6172006745362564,0.5368098159509203,0.6476744186046511,0.5922421172777856,eclipse,nn,smote,cv10,Accuracy,150,long_description,size,30,decay,0.5,3581,2
574,134,338,141,Fold03,0.6023588879528222,0.5127272727272727,0.6293859649122807,0.5710566188197768,eclipse,nn,smote,cv10,Accuracy,150,long_description,size,30,decay,0.5,3581,2
595,113,321,158,Fold04,0.6343723673125526,0.5830258302583026,0.6495633187772926,0.6162945745177976,eclipse,nn,smote,cv10,Accuracy,150,long_description,size,30,decay,0.5,3581,2
593,114,367,112,Fold05,0.5944350758853288,0.49557522123893805,0.6177083333333333,0.5566417772861356,eclipse,nn,smote,cv10,Accuracy,150,long_description,size,30,decay,0.5,3581,2
610,98,357,121,Fold06,0.6163575042158516,0.5525114155251142,0.6308169596690796,0.5916641875970969,eclipse,nn,smote,cv10,Accuracy,150,long_description,size,30,decay,0.5,3581,2
578,129,359,119,Fold07,0.5881856540084388,0.4798387096774194,0.6168623265741728,0.5483505181257962,eclipse,nn,smote,cv10,Accuracy,150,long_description,size,30,decay,0.5,3581,2
556,152,331,148,Fold08,0.5930918281381634,0.49333333333333335,0.6268320180383314,0.5600826756858324,eclipse,nn,smote,cv10,Accuracy,150,long_description,size,30,decay,0.5,3581,2
581,127,340,139,Fold09,0.6065711878685762,0.5225563909774437,0.6308360477741585,0.5766962193758011,eclipse,nn,smote,cv10,Accuracy,150,long_description,size,30,decay,0.5,3581,2
599,109,383,96,Fold10,0.5855096882898062,0.4682926829268293,0.609979633401222,0.5391361581640256,eclipse,nn,smote,cv10,Accuracy,150,long_description,size,30,decay,0.5,3581,2
473,293,205,520,Fold01,0.6659959758551308,0.6396063960639606,0.6976401179941003,0.6686232570290305,eclipse,nn,smote,cv10,Accuracy,150,long_description,size,30,decay,0.5,144,3
483,283,207,518,Fold02,0.6713615023474179,0.6466916354556804,0.7,0.6733458177278402,eclipse,nn,smote,cv10,Accuracy,150,long_description,size,30,decay,0.5,144,3
479,287,188,537,Fold03,0.68142186452045606,0.6516990291262136,0.7181409295352323,0.684919979330723,eclipse,nn,smote,cv10,Accuracy,150,long_description,size,30,decay,0.5,144,3
431,335,204,521,Fold04,0.6384976525821596,0.6086448598130841,0.6787401574803149,0.6436925086466996,eclipse,nn,smote,cv10,Accuracy,150,long_description,size,30,decay,0.5,144,3
480,285,198,527,Fold05,0.6758389261744966,0.6490147783251231,0.7079646017699115,0.6784896900475172,eclipse,nn,smote,cv10,Accuracy,150,long_description,size,30,decay,0.5,144,3
497,269,218,506,Fold06,0.6731543624161074,0.6529032258064517,0.6951048951048951,0.6740040604556734,eclipse,nn,smote,cv10,Accuracy,150,long_description,size,30,decay,0.5,144,3
471,294,205,520,Fold07,0.6651006711409396,0.6388206388206388,0.6967455621301775,0.6677831004754081,eclipse,nn,smote,cv10,Accuracy,150,long_description,size,30,decay,0.5,144,3
478,288,213,511,Fold08,0.663758389261745,0.639549436795995,0.6917510853835022,0.6656502610897486,eclipse,nn,smote,cv10,Accuracy,150,long_description,size,30,decay,0.5,144,3
495,271,185,540,Fold09,0.6941649899396378,0.6658446362515413,0.7279411764705882,0.6968929063610647,eclipse,nn,smote,cv10,Accuracy,150,long_description,size,30,decay,0.5,144,3
460,306,213,512,Fold10,0.6519114688128773,0.6259168704156479,0.6835066864784547,0.6547117784470513,eclipse,nn,smote,cv10,Accuracy,150,long_description,size,30,decay,0.5,144,3
498,268,207,518,Fold01,0.68142186452045606,0.6590330788804071,0.7063829787234043,0.6827080288019056,eclipse,nn,smote,cv10,Accuracy,150,long_description,size,30,decay,0.5,283,3
438,328,218,507,Fold02,0.6338028169014085,0.6071856287425149,0.6676829268292683,0.6374342777858917,eclipse,nn,smote,cv10,Accuracy,150,long_description,size,30,decay,0.5,283,3
471,295,192,533,Fold03,0.6733735747820255,0.643719806763285,0.7104072398190046,0.6770635232911448,eclipse,nn,smote,cv10,Accuracy,150,long_description,size,30,decay,0.5,283,3
472,294,216,508,Fold04,0.6577181208053692,0.6334164588528678,0.686046511627907,0.6597314852403874,eclipse,nn,smote,cv10,Accuracy,150,long_description,size,30,decay,0.5,283,3
476,290,209,516,Fold05,0.6653252850435949,0.6401985111662531,0.6948905109489051,0.6675445110575791,eclipse,nn,smote,cv10,Accuracy,150,long_description,size,30,decay,0.5,283,3
482,283,211,514,Fold06,0.6684563758389261,0.644918444165621,0.6955266955266955,0.6702225698461584,eclipse,nn,smote,cv10,Accuracy,150,long_description,size,30,decay,0.5,283,3
475,291,219,505,Fold07,0.6577181208053692,0.6344221105527639,0.6844380403458213,0.6594300754492926,eclipse,nn,smote,cv10,Accuracy,150,long_description,size,30,decay,0.5,283,3
473,293,194,531,Fold08,0.6733735747820255,0.6444174757281553,0.7091454272863568,0.6767814515072561,eclipse,nn,smote,cv10,Accuracy,150,long_description,size,30,decay,0.5,283,3
465,301,173,552,Fold09,0.682092555331992,0.6471277842907386,0.7288401253918495,0.687983954841294,eclipse,nn,smote,cv10,Accuracy,150,long_description,size,30,decay,0.5,283,3
463,302,224,501,Fold10,0.6469798657718121,0.6239103362391034,0.6739446870451238,0.6489275116421136,eclipse,nn,smote,cv10,Accuracy,150,long_description,size,30,decay,0.5,283,3
478,288,176,548,Fold01,0.6885906040268457,0.6555023923444976,0.7308868501529052,0.6931946212487015,eclipse,nn,smote,cv10,Accuracy,150,long_description,size,30,decay,0.5,1087,3
459,307,224,501,Fold02,0.6438631790744467,0.620049504950495,0.6720351390922401,0.6460423220213676,eclipse,nn,smote,cv10,Accuracy,150,long_description,size,30,decay,0.5,1087,3
467,299,210,515,Fold03,0.6586183769282361,0.6326781326781327,0.689807976366322,0.6612430545222273,eclipse,nn,smote,cv10,Accuracy,150,long_description,size,30,decay,0.5,1087,3
437,329,190,535,Fold04,0.6519114688128773,0.6192129629629629,0.696969696969697,0.65809132996633,eclipse,nn,smote,cv10,Accuracy,150,long_description,size,30,decay,0.5,1087,3
462,304,182,543,Fold05,0.6740442655935613,0.641086186540732,0.717391304347826,0.679238745444279,eclipse,nn,smote,cv10,Accuracy,150,long_description,size,30,decay,0.5,1087,3
470,296,206,519,Fold06,0.6633132126089872,0.6368098159509202,0.6952662721893491,0.6660380440701347,eclipse,nn,smote,cv10,Accuracy,150,long_description,size,30,decay,0.5,1087,3
476,289,196,528,Fold07,0.674278038952317,0.6462668298653611,0.7083333333333334,0.6773000815993473,eclipse,nn,smote,cv10,Accuracy,150,long_description,size,30,decay,0.5,1087,3
465,301,185,540,Fold08,0.6740442655935613,0.6420927467300832,0.7153846153846154,0.6787386810573492,eclipse,nn,smote,cv10,Accuracy,150,long_description,size,30,decay,0.5,1087,3
458,308,219,506,Fold09,0.6465459423205903,0.6216216216216216,0.6765140324963073,0.6490678270589645,eclipse,nn,smote,cv10,Accuracy,150,long_description,size,30,decay,0.5,1087,3
499,266,215,510,Fold10,0.6771812080536913,0.6572164948453608,0.6988795518207283,0.6780480233330446,eclipse,nn,smote,cv10,Accuracy,150,long_description,size,30,decay,0.5,1087,3
496,269,200,525,Fold01,0.6852348993288591,0.6612090680100756,0.7126436781609196,0.6869263730854975,eclipse,nn,smote,cv10,Accuracy,150,long_description,size,30,decay,0.5,2293,3
486,279,219,506,Fold02,0.6657718120805369,0.6445859872611465,0.6893617021276596,0.666973844694403,eclipse,nn,smote,cv10,Accuracy,150,long_description,size,30,decay,0.5,2293,3
470,296,204,520,Fold03,0.6644295302013423,0.6372549019607843,0.6973293768545994,0.6672921394076918,eclipse,nn,smote,cv10,Accuracy,150,long_description,size,30,decay,0.5,2293,3
488,278,199,526,Fold04,0.6800804828973843,0.654228855721393,0.710334788937409,0.6822818223294009,eclipse,nn,smote,cv10,Accuracy,150,long_description,size,30,decay,0.5,2293,3
481,285,220,505,Fold05,0.6613011401743796,0.6392405063291139,0.6861626248216833,0.6627015655753986,eclipse,nn,smote,cv10,Accuracy,150,long_description,size,30,decay,0.5,2293,3
475,291,203,521,Fold06,0.6684563758389261,0.6416256157635468,0.700589970501475,0.6711077931325109,eclipse,nn,smote,cv10,Accuracy,150,long_description,size,30,decay,0.5,2293,3
462,304,200,525,Fold07,0.6619718309859155,0.6332931242460796,0.6978851963746223,0.665589160310351,eclipse,nn,smote,cv10,Accuracy,150,long_description,size,30,decay,0.5,2293,3
472,294,215,510,Fold08,0.6586183769282361,0.6343283582089553,0.6870451237263464,0.6606867409676509,eclipse,nn,smote,cv10,Accuracy,150,long_description,size,30,decay,0.5,2293,3
455,311,192,533,Fold09,0.6626425217974514,0.6315165876777251,0.7032457496136012,0.6673811686456632,eclipse,nn,smote,cv10,Accuracy,150,long_description,size,30,decay,0.5,2293,3
456,310,190,535,Fold10,0.664654594232059,0.6331360946745562,0.7058823529411765,0.6695092238078664,eclipse,nn,smote,cv10,Accuracy,150,long_description,size,30,decay,0.5,2293,3
486,279,193,531,Fold01,0.6830087306917394,0.6555555555555556,0.7157584683357879,0.6856570119456717,eclipse,nn,smote,cv10,Accuracy,150,long_description,size,30,decay,0.5,3581,3
446,320,172,553,Fold02,0.670020120724346,0.6334478808705613,0.7216828478964401,0.6775653643835007,eclipse,nn,smote,cv10,Accuracy,150,long_description,size,30,decay,0.5,3581,3
500,266,182,543,Fold03,0.6995305164319249,0.6711990111248455,0.7331378299120235,0.7021684205184344,eclipse,nn,smote,cv10,Accuracy,150,long_description,size,30,decay,0.5,3581,3
477,289,215,510,Fold04,0.6619718309859155,0.6382978723404256,0.6893063583815029,0.6638021153609642,eclipse,nn,smote,cv10,Accuracy,150,long_description,size,30,decay,0.5,3581,3
441,324,209,515,Fold05,0.6420416386836804,0.6138259833134684,0.6784615384615384,0.6461437608875034,eclipse,nn,smote,cv10,Accuracy,150,long_description,size,30,decay,0.5,3581,3
467,299,201,524,Fold06,0.664654594232059,0.6366950182260024,0.6991017964071856,0.667898407316594,eclipse,nn,smote,cv10,Accuracy,150,long_description,size,30,decay,0.5,3581,3
431,335,183,542,Fold07,0.6525821596244131,0.6180159635119726,0.7019543973941368,0.6599851804530548,eclipse,nn,smote,cv10,Accuracy,150,long_description,size,30,decay,0.5,3581,3
463,303,194,531,Fold08,0.6666666666666666,0.6366906474820144,0.7047184170471842,0.6707045322645993,eclipse,nn,smote,cv10,Accuracy,150,long_description,size,30,decay,0.5,3581,3
483,283,208,517,Fold09,0.670690811535882,0.64625,0.6989869753979739,0.6726184876989869,eclipse,nn,smote,cv10,Accuracy,150,long_description,size,30,decay,0.5,3581,3
456,310,207,518,Fold10,0.653252850435949,0.6256038647342995,0.6877828054298643,0.6566933350820818,eclipse,nn,smote,cv10,Accuracy,150,long_description,size,30,decay,0.5,3581,3
623,254,112,728,Fold01,0.7868375072801398,0.7413441955193483,0.8476190476190476,0.7944816215691979,eclipse,nn,smote,cv10,Accuracy,150,long_description,size,30,decay,0.5,144,4
632,245,125,715,Fold02,0.7845078625509609,0.7447916666666666,0.8348745046235139,0.7898330856450902,eclipse,nn,smote,cv10,Accuracy,150,long_description,size,30,decay,0.5,144,4
645,232,94,746,Fold03,0.8101339545719278,0.7627811860940695,0.8728010825439784,0.817791134319024,eclipse,nn,smote,cv10,Accuracy,150,long_description,size,30,decay,0.5,144,4
649,228,80,760,Fold04,0.8206173558532324,0.7692307692307693,0.8902606310013718,0.8297457001160705,eclipse,nn,smote,cv10,Accuracy,150,long_description,size,30,decay,0.5,144,4
642,235,123,717,Fold05,0.7914967967384974,0.7531512605042017,0.8392156862745098,0.7961834733893558,eclipse,nn,smote,cv10,Accuracy,150,long_description,size,30,decay,0.5,144,4
632,245,93,747,Fold06,0.8031450203843914,0.7530241935483871,0.8717241379310345,0.8123741657397108,eclipse,nn,smote,cv10,Accuracy,150,long_description,size,30,decay,0.5,144,4
636,241,98,742,Fold07,0.8025626092020967,0.7548321464903357,0.8664850136239782,0.810658580057157,eclipse,nn,smote,cv10,Accuracy,150,long_description,size,30,decay,0.5,144,4
658,219,112,728,Fold08,0.8072218986604542,0.7687434002111933,0.8545454545454545,0.8116444273783239,eclipse,nn,smote,cv10,Accuracy,150,long_description,size,30,decay,0.5,144,4
671,206,138,702,Fold09,0.7996505532906232,0.7731277533039648,0.8294190358467244,0.8012733945753445,eclipse,nn,smote,cv10,Accuracy,150,long_description,size,30,decay,0.5,144,4
658,219,97,743,Fold10,0.8159580663948748,0.7723492723492723,0.871523178807947,0.8219362255786097,eclipse,nn,smote,cv10,Accuracy,150,long_description,size,30,decay,0.5,144,4
652,225,94,746,Fold01,0.8142108328479907,0.768280123583934,0.8739946380697051,0.8211373808268196,eclipse,nn,smote,cv10,Accuracy,150,long_description,size,30,decay,0.5,283,4
640,237,95,745,Fold02,0.8066394874781596,0.7586558044806517,0.8707482993197279,0.8147020519001897,eclipse,nn,smote,cv10,Accuracy,150,long_description,size,30,decay,0.5,283,4
654,223,112,728,Fold03,0.8048922539312755,0.7655099894847529,0.8537859007832899,0.8096479451340214,eclipse,nn,smote,cv10,Accuracy,150,long_description,size,30,decay,0.5,283,4
646,231,83,757,Fold04,0.8171228887594641,0.7661943319838057,0.8861454046639232,0.8261698683238645,eclipse,nn,smote,cv10,Accuracy,150,long_description,size,30,decay,0.5,283,4
598,279,111,729,Fold05,0.7728596389050669,0.7232142857142857,0.843441466854725,0.7833278762845053,eclipse,nn,smote,cv10,Accuracy,150,long_description,size,30,decay,0.5,283,4
678,199,111,729,Fold06,0.819452533488643,0.7855603448275862,0.8593155893536122,0.8224379670905992,eclipse,nn,smote,cv10,Accuracy,150,long_description,size,30,decay,0.5,283,4
648,229,96,744,Fold07,0.8107163657542225,0.7646454265159301,0.8709677419354839,0.817806584225707,eclipse,nn,smote,cv10,Accuracy,150,long_description,size,30,decay,0.5,283,4
635,242,141,699,Fold08,0.7769365171811299,0.742826780021254,0.8182989690721649,0.7805628745467095,eclipse,nn,smote,cv10,Accuracy,150,long_description,size,30,decay,0.5,283,4
650,227,98,742,Fold09,0.8107163657542225,0.7657378740970072,0.8689839572192514,0.8173609156581293,eclipse,nn,smote,cv10,Accuracy,150,long_description,size,30,decay,0.5,283,4
664,213,93,747,Fold10,0.8217821782178217,0.778125,0.8771466314398944,0.8276358157199472,eclipse,nn,smote,cv10,Accuracy,150,long_description,size,30,decay,0.5,283,4
614,263,126,714,Fold01,0.7734420500873617,0.7308085977482088,0.8297297297297297,0.7802691637389693,eclipse,nn,smote,cv10,Accuracy,150,long_description,size,30,decay,0.5,1087,4
634,243,97,743,Fold02,0.801980198019802,0.7535496957403651,0.8673050615595075,0.8104273786499363,eclipse,nn,smote,cv10,Accuracy,150,long_description,size,30,decay,0.5,1087,4
627,250,93,747,Fold03,0.8002329644729179,0.7492477432296891,0.8708333333333333,0.8100405382815112,eclipse,nn,smote,cv10,Accuracy,150,long_description,size,30,decay,0.5,1087,4
624,253,89,751,Fold04,0.8008153756552125,0.74800796812749,0.8751753155680224,0.8115916418477562,eclipse,nn,smote,cv10,Accuracy,150,long_description,size,30,decay,0.5,1087,4
669,208,101,739,Fold05,0.8200349446709376,0.7803590285110876,0.8688311688311688,0.8245950986711282,eclipse,nn,smote,cv10,Accuracy,150,long_description,size,30,decay,0.5,1087,4
640,237,105,735,Fold06,0.8008153756552125,0.7561728395061729,0.8590604026845637,0.8076166210953684,eclipse,nn,smote,cv10,Accuracy,150,long_description,size,30,decay,0.5,1087,4
654,223,104,736,Fold07,0.8095515433896331,0.7674661105318039,0.862796833773087,0.8151314721524454,eclipse,nn,smote,cv10,Accuracy,150,long_description,size,30,decay,0.5,1087,4
645,232,123,717,Fold08,0.7932440302853815,0.7555321390937829,0.83984375,0.7976879445468914,eclipse,nn,smote,cv10,Accuracy,150,long_description,size,30,decay,0.5,1087,4
662,215,91,749,Fold09,0.8217821782178217,0.7769709543568465,0.8791500664010624,0.8280605103789545,eclipse,nn,smote,cv10,Accuracy,150,long_description,size,30,decay,0.5,1087,4
616,261,110,730,Fold10,0.7839254513686663,0.7366296670030272,0.8484848484848485,0.7925572577439379,eclipse,nn,smote,cv10,Accuracy,150,long_description,size,30,decay,0.5,1087,4
652,225,102,738,Fold01,0.8095515433896331,0.7663551401869159,0.8647214854111406,0.8155383127990282,eclipse,nn,smote,cv10,Accuracy,150,long_description,size,30,decay,0.5,2293,4
659,218,109,731,Fold02,0.8095515433896331,0.7702845100105374,0.8580729166666666,0.814178713338602,eclipse,nn,smote,cv10,Accuracy,150,long_description,size,30,decay,0.5,2293,4
648,229,107,733,Fold03,0.8043098427489808,0.761954261954262,0.8582781456953642,0.8101162038248131,eclipse,nn,smote,cv10,Accuracy,150,long_description,size,30,decay,0.5,2293,4
611,266,126,714,Fold04,0.7716948165404776,0.7285714285714285,0.8290366350067843,0.7788040317891064,eclipse,nn,smote,cv10,Accuracy,150,long_description,size,30,decay,0.5,2293,4
655,222,119,721,Fold05,0.8013977868375073,0.7645811240721103,0.8462532299741602,0.8054171770231353,eclipse,nn,smote,cv10,Accuracy,150,long_description,size,30,decay,0.5,2293,4
679,198,112,728,Fold06,0.819452533488643,0.7861771058315334,0.8584070796460177,0.8222920927387756,eclipse,nn,smote,cv10,Accuracy,150,long_description,size,30,decay,0.5,2293,4
653,224,95,745,Fold07,0.8142108328479907,0.7688338493292054,0.8729946524064172,0.8209142508678113,eclipse,nn,smote,cv10,Accuracy,150,long_description,size,30,decay,0.5,2293,4
616,261,107,733,Fold08,0.7856726849155504,0.7374245472837022,0.8520055325034578,0.79471503989358006,eclipse,nn,smote,cv10,Accuracy,150,long_description,size,30,decay,0.5,2293,4
640,237,67,773,Fold09,0.8229470005824112,0.7653465346534654,0.9052333804809052,0.8352899575671853,eclipse,nn,smote,cv10,Accuracy,150,long_description,size,30,decay,0.5,2293,4
645,232,103,737,Fold10,0.8048922539312755,0.760577915376677,0.8622994652406417,0.8114386903086593,eclipse,nn,smote,cv10,Accuracy,150,long_description,size,30,decay,0.5,2293,4
640,237,98,742,Fold01,0.8048922539312755,0.7579162410623085,0.8672086720867209,0.8125624565745146,eclipse,nn,smote,cv10,Accuracy,150,long_description,size,30,decay,0.5,3581,4
640,237,92,748,Fold02,0.8083867210250437,0.7593908629441625,0.8743169398907104,0.8168539014174364,eclipse,nn,smote,cv10,Accuracy,150,long_description,size,30,decay,0.5,3581,4
677,200,84,756,Fold03,0.8345952242283052,0.7907949790794979,0.8896189224704336,0.8402069507749658,eclipse,nn,smote,cv10,Accuracy,150,long_description,size,30,decay,0.5,3581,4
632,245,121,719,Fold04,0.7868375072801398,0.745850622406639,0.8393094289508632,0.7925800256787512,eclipse,nn,smote,cv10,Accuracy,150,long_description,size,30,decay,0.5,3581,4
648,229,115,725,Fold05,0.7996505532906232,0.759958071278826,0.8492791612057667,0.8046186162422964,eclipse,nn,smote,cv10,Accuracy,150,long_description,size,30,decay,0.5,3581,4
658,219,85,755,Fold06,0.8229470005824112,0.7751540041067762,0.8855989232839838,0.83037646369538,eclipse,nn,smote,cv10,Accuracy,150,long_description,size,30,decay,0.5,3581,4
660,217,97,743,Fold07,0.8171228887594641,0.7739583333333333,0.8718626155878467,0.82291047446059,eclipse,nn,smote,cv10,Accuracy,150,long_description,size,30,decay,0.5,3581,4
642,235,137,703,Fold08,0.7833430401863716,0.7494669509594882,0.8241335044929397,0.7868002277262139,eclipse,nn,smote,cv10,Accuracy,150,long_description,size,30,decay,0.5,3581,4
646,231,82,758,Fold09,0.8177052999417589,0.7664307381193124,0.8873626373626373,0.8268966877409749,eclipse,nn,smote,cv10,Accuracy,150,long_description,size,30,decay,0.5,3581,4
647,230,95,745,Fold10,0.8107163657542225,0.764102564102564,0.871967654986523,0.8180351095445435,eclipse,nn,smote,cv10,Accuracy,150,long_description,size,30,decay,0.5,3581,4
295,183,266,204,Fold01,0.5263713080168776,0.5271317829457365,0.5258467023172906,0.5264892426315135,eclipse,svm,smote,cv10,Accuracy,150,long_description,sigma,0.03125,C,32,144,5
299,178,256,214,Fold02,0.5417106652587117,0.5459183673469388,0.5387387387387388,0.5423285530428388,eclipse,svm,smote,cv10,Accuracy,150,long_description,sigma,0.03125,C,32,144,5
308,170,289,180,Fold03,0.515311510031679,0.5142857142857142,0.5159128978224455,0.5150993060540798,eclipse,svm,smote,cv10,Accuracy,150,long_description,sigma,0.03125,C,32,144,5
298,179,262,208,Fold04,0.5343189017951425,0.537467700258398,0.5321428571428571,0.5348052787006276,eclipse,svm,smote,cv10,Accuracy,150,long_description,sigma,0.03125,C,32,144,5
320,157,262,208,Fold05,0.5575501583949314,0.5698630136986301,0.5498281786941581,0.5598455961963942,eclipse,svm,smote,cv10,Accuracy,150,long_description,sigma,0.03125,C,32,144,5
317,161,254,216,Fold06,0.5622362869198312,0.5729442970822282,0.5551663747810858,0.5640553359316569,eclipse,svm,smote,cv10,Accuracy,150,long_description,sigma,0.03125,C,32,144,5
307,170,268,202,Fold07,0.5374868004223865,0.543010752688172,0.5339130434782609,0.5384618980832164,eclipse,svm,smote,cv10,Accuracy,150,long_description,sigma,0.03125,C,32,144,5
291,186,255,214,Fold08,0.5338266384778013,0.535,0.532967032967033,0.5339835164835165,eclipse,svm,smote,cv10,Accuracy,150,long_description,sigma,0.03125,C,32,144,5
304,174,275,194,Fold09,0.5258711721224921,0.5271739130434783,0.5250431778929189,0.5261085454681986,eclipse,svm,smote,cv10,Accuracy,150,long_description,sigma,0.03125,C,32,144,5
323,154,254,215,Fold10,0.5687103594080338,0.5826558265582655,0.5597920277296361,0.5712239271439508,eclipse,svm,smote,cv10,Accuracy,150,long_description,sigma,0.03125,C,32,144,5
298,179,268,202,Fold01,0.5279831045406547,0.5301837270341208,0.5265017667844523,0.5283427469092865,eclipse,svm,smote,cv10,Accuracy,150,long_description,sigma,0.03125,C,32,283,5
307,170,279,191,Fold02,0.5258711721224921,0.5290858725761773,0.5238907849829352,0.5264883287795563,eclipse,svm,smote,cv10,Accuracy,150,long_description,sigma,0.03125,C,32,283,5
306,172,270,200,Fold03,0.5337552742616034,0.5376344086021505,0.53125,0.5344422043010753,eclipse,svm,smote,cv10,Accuracy,150,long_description,sigma,0.03125,C,32,283,5
321,157,258,211,Fold04,0.5617740232312566,0.5733695652173914,0.5544041450777202,0.5638868551475558,eclipse,svm,smote,cv10,Accuracy,150,long_description,sigma,0.03125,C,32,283,5
299,178,226,244,Fold05,0.573389651531151,0.5781990521327014,0.5695238095238095,0.5738614308282555,eclipse,svm,smote,cv10,Accuracy,150,long_description,sigma,0.03125,C,32,283,5
298,179,266,204,Fold06,0.5300950369588173,0.5326370757180157,0.5283687943262412,0.5305029350221284,eclipse,svm,smote,cv10,Accuracy,150,long_description,sigma,0.03125,C,32,283,5
306,171,268,201,Fold07,0.5359408033826638,0.5403225806451613,0.5331010452961672,0.5367118129706643,eclipse,svm,smote,cv10,Accuracy,150,long_description,sigma,0.03125,C,32,283,5
305,173,267,202,Fold08,0.5353748680042238,0.5386666666666666,0.5332167832167832,0.5359417249417249,eclipse,svm,smote,cv10,Accuracy,150,long_description,sigma,0.03125,C,32,283,5
304,174,279,191,Fold09,0.5221518987341772,0.5232876712328767,0.5214408233276158,0.5223642472802462,eclipse,svm,smote,cv10,Accuracy,150,long_description,sigma,0.03125,C,32,283,5
300,177,259,210,Fold10,0.5391120507399577,0.5426356589147286,0.5366726296958855,0.5396541443053071,eclipse,svm,smote,cv10,Accuracy,150,long_description,sigma,0.03125,C,32,283,5
312,166,265,205,Fold01,0.5453586497890295,0.5525606469002695,0.5407279029462738,0.5466442749232716,eclipse,svm,smote,cv10,Accuracy,150,long_description,sigma,0.03125,C,32,1087,5
292,186,269,201,Fold02,0.520042194092827,0.5193798449612403,0.5204991087344029,0.5199394768478216,eclipse,svm,smote,cv10,Accuracy,150,long_description,sigma,0.03125,C,32,1087,5
309,168,257,212,Fold03,0.5507399577167019,0.5578947368421052,0.5459363957597173,0.5519155663009112,eclipse,svm,smote,cv10,Accuracy,150,long_description,sigma,0.03125,C,32,1087,5
308,169,259,210,Fold04,0.547568710359408,0.554089709762533,0.5432098765432098,0.5486497931528714,eclipse,svm,smote,cv10,Accuracy,150,long_description,sigma,0.03125,C,32,1087,5
309,168,265,205,Fold05,0.542766631467793,0.5495978552278821,0.5383275261324042,0.5439626906801431,eclipse,svm,smote,cv10,Accuracy,150,long_description,sigma,0.03125,C,32,1087,5
325,153,264,206,Fold06,0.560126582278481,0.5738161559888579,0.5517826825127334,0.5627994192507957,eclipse,svm,smote,cv10,Accuracy,150,long_description,sigma,0.03125,C,32,1087,5
317,160,273,197,Fold07,0.542766631467793,0.5518207282913166,0.5372881355932203,0.5445544319422684,eclipse,svm,smote,cv10,Accuracy,150,long_description,sigma,0.03125,C,32,1087,5
300,178,293,177,Fold08,0.5031645569620253,0.49859154929577465,0.5059021922428331,0.5022468707693039,eclipse,svm,smote,cv10,Accuracy,150,long_description,sigma,0.03125,C,32,1087,5
282,195,260,209,Fold09,0.5190274841437632,0.5173267326732673,0.5202952029520295,0.5188109678126485,eclipse,svm,smote,cv10,Accuracy,150,long_description,sigma,0.03125,C,32,1087,5
291,186,257,212,Fold10,0.5317124735729387,0.5326633165829145,0.531021897810219,0.5318426071965667,eclipse,svm,smote,cv10,Accuracy,150,long_description,sigma,0.03125,C,32,1087,5
296,181,274,196,Fold01,0.5195353748680043,0.519893899204244,0.519298245614035,0.5195960724091395,eclipse,svm,smote,cv10,Accuracy,150,long_description,sigma,0.03125,C,32,2293,5
292,185,264,206,Fold02,0.5258711721224921,0.5268542199488491,0.5251798561151079,0.5260170380319784,eclipse,svm,smote,cv10,Accuracy,150,long_description,sigma,0.03125,C,32,2293,5
321,156,259,211,Fold03,0.5617740232312566,0.5749318801089919,0.553448275862069,0.5641900779855304,eclipse,svm,smote,cv10,Accuracy,150,long_description,sigma,0.03125,C,32,2293,5
316,161,247,223,Fold04,0.5691657866948258,0.5807291666666666,0.5612788632326821,0.5710040149496743,eclipse,svm,smote,cv10,Accuracy,150,long_description,sigma,0.03125,C,32,2293,5
302,175,249,221,Fold05,0.5522703273495249,0.5580808080808081,0.5480943738656987,0.5530875909732533,eclipse,svm,smote,cv10,Accuracy,150,long_description,sigma,0.03125,C,32,2293,5
311,167,264,205,Fold06,0.5448785638859557,0.5510752688172043,0.5408695652173913,0.5459724170172977,eclipse,svm,smote,cv10,Accuracy,150,long_description,sigma,0.03125,C,32,2293,5
312,166,271,198,Fold07,0.5385427666314678,0.5439560439560439,0.5351629502572899,0.5395594971066668,eclipse,svm,smote,cv10,Accuracy,150,long_description,sigma,0.03125,C,32,2293,5
298,179,282,187,Fold08,0.5126849894291755,0.5109289617486339,0.5137931034482759,0.5123610325984549,eclipse,svm,smote,cv10,Accuracy,150,long_description,sigma,0.03125,C,32,2293,5
311,167,261,209,Fold09,0.5485232067510548,0.5558510638297872,0.5437062937062938,0.5497786787680405,eclipse,svm,smote,cv10,Accuracy,150,long_description,sigma,0.03125,C,32,2293,5
307,171,272,197,Fold10,0.53220696937698,0.5353260869565217,0.5302245250431779,0.5327753059998498,eclipse,svm,smote,cv10,Accuracy,150,long_description,sigma,0.03125,C,32,2293,5
273,204,254,215,Fold01,0.5158562367864693,0.513126491646778,0.5180265654648957,0.5155765285558369,eclipse,svm,smote,cv10,Accuracy,150,long_description,sigma,0.03125,C,32,3581,5
313,164,262,208,Fold02,0.5501583949313622,0.5591397849462365,0.5443478260869565,0.5517438055165965,eclipse,svm,smote,cv10,Accuracy,150,long_description,sigma,0.03125,C,32,3581,5
291,187,259,211,Fold03,0.5295358649789029,0.5301507537688442,0.5290909090909091,0.5296208314298767,eclipse,svm,smote,cv10,Accuracy,150,long_description,sigma,0.03125,C,32,3581,5
324,154,271,199,Fold04,0.5516877637130801,0.5637393767705382,0.5445378151260504,0.5541385959482943,eclipse,svm,smote,cv10,Accuracy,150,long_description,sigma,0.03125,C,32,3581,5
308,169,254,215,Fold05,0.5528541226215645,0.5598958333333334,0.5480427046263345,0.5539692689798339,eclipse,svm,smote,cv10,Accuracy,150,long_description,sigma,0.03125,C,32,3581,5
302,175,268,202,Fold06,0.53220696937698,0.5358090185676393,0.5298245614035088,0.532816789985574,eclipse,svm,smote,cv10,Accuracy,150,long_description,sigma,0.03125,C,32,3581,5
315,162,274,196,Fold07,0.5395987328405492,0.547486033519553,0.534804753820034,0.5411453936697935,eclipse,svm,smote,cv10,Accuracy,150,long_description,sigma,0.03125,C,32,3581,5
314,164,244,226,Fold08,0.569620253164557,0.5794871794871795,0.5627240143369175,0.5711055969120485,eclipse,svm,smote,cv10,Accuracy,150,long_description,sigma,0.03125,C,32,3581,5
297,180,260,209,Fold09,0.5348837209302325,0.5372750642673522,0.533213644524237,0.5352443543957945,eclipse,svm,smote,cv10,Accuracy,150,long_description,sigma,0.03125,C,32,3581,5
294,184,269,200,Fold10,0.5216473072861668,0.5208333333333334,0.522202486678508,0.5215179100059206,eclipse,svm,smote,cv10,Accuracy,150,long_description,sigma,0.03125,C,32,3581,5
659,49,92,386,Fold01,0.8811129848229342,0.8873563218390804,0.877496671105193,0.8824264964721367,eclipse,svm,smote,cv10,Accuracy,150,long_description,sigma,0.03125,C,32,144,6
662,46,103,375,Fold02,0.8743676222596964,0.8907363420427553,0.865359477124183,0.8780479095834692,eclipse,svm,smote,cv10,Accuracy,150,long_description,sigma,0.03125,C,32,144,6
639,69,111,368,Fold03,0.8483572030328559,0.8421052631578947,0.852,0.8470526315789473,eclipse,svm,smote,cv10,Accuracy,150,long_description,sigma,0.03125,C,32,144,6
656,52,120,358,Fold04,0.8549747048903878,0.8731707317073171,0.845360824742268,0.8592657782247926,eclipse,svm,smote,cv10,Accuracy,150,long_description,sigma,0.03125,C,32,144,6
656,51,101,378,Fold05,0.8718381112984823,0.8811188811188811,0.8665785997357992,0.8738487404273402,eclipse,svm,smote,cv10,Accuracy,150,long_description,sigma,0.03125,C,32,144,6
649,59,97,382,Fold06,0.8685762426284751,0.8662131519274376,0.8699731903485255,0.8680931711379816,eclipse,svm,smote,cv10,Accuracy,150,long_description,sigma,0.03125,C,32,144,6
650,57,107,372,Fold07,0.8617200674536256,0.8671328671328671,0.8586525759577279,0.8628927215452975,eclipse,svm,smote,cv10,Accuracy,150,long_description,sigma,0.03125,C,32,144,6
655,53,111,368,Fold08,0.8618365627632687,0.8741092636579573,0.8550913838120104,0.8646003237349839,eclipse,svm,smote,cv10,Accuracy,150,long_description,sigma,0.03125,C,32,144,6
652,56,106,372,Fold09,0.863406408094435,0.8691588785046729,0.8601583113456465,0.8646585949251597,eclipse,svm,smote,cv10,Accuracy,150,long_description,sigma,0.03125,C,32,144,6
645,62,102,377,Fold10,0.8617200674536256,0.8587699316628702,0.8634538152610441,0.8611118734619572,eclipse,svm,smote,cv10,Accuracy,150,long_description,sigma,0.03125,C,32,144,6
654,54,97,382,Fold01,0.8727885425442291,0.8761467889908257,0.8708388814913449,0.8734928352410853,eclipse,svm,smote,cv10,Accuracy,150,long_description,sigma,0.03125,C,32,283,6
648,60,126,353,Fold02,0.8433024431339511,0.8547215496368039,0.8372093023255814,0.8459654259811926,eclipse,svm,smote,cv10,Accuracy,150,long_description,sigma,0.03125,C,32,283,6
662,46,105,374,Fold03,0.8727885425442291,0.8904761904761904,0.863102998696219,0.8767895945862048,eclipse,svm,smote,cv10,Accuracy,150,long_description,sigma,0.03125,C,32,283,6
637,71,112,366,Fold04,0.845699831365936,0.8375286041189931,0.8504672897196262,0.8439979469193096,eclipse,svm,smote,cv10,Accuracy,150,long_description,sigma,0.03125,C,32,283,6
654,54,121,357,Fold05,0.8524451939291737,0.8686131386861314,0.8438709677419355,0.8562420532140335,eclipse,svm,smote,cv10,Accuracy,150,long_description,sigma,0.03125,C,32,283,6
652,55,108,370,Fold06,0.8624472573839662,0.8705882352941177,0.8578947368421053,0.8642414860681115,eclipse,svm,smote,cv10,Accuracy,150,long_description,sigma,0.03125,C,32,283,6
656,51,113,366,Fold07,0.8617200674536256,0.8776978417266187,0.8530559167750326,0.8653768792508256,eclipse,svm,smote,cv10,Accuracy,150,long_description,sigma,0.03125,C,32,283,6
657,51,105,374,Fold08,0.8685762426284751,0.88,0.8622047244094488,0.8711023622047245,eclipse,svm,smote,cv10,Accuracy,150,long_description,sigma,0.03125,C,32,283,6
639,69,115,363,Fold09,0.8448566610455311,0.8402777777777778,0.8474801061007957,0.8438789419392867,eclipse,svm,smote,cv10,Accuracy,150,long_description,sigma,0.03125,C,32,283,6
645,62,103,376,Fold10,0.8608768971332209,0.8584474885844748,0.8622994652406417,0.8603734769125583,eclipse,svm,smote,cv10,Accuracy,150,long_description,sigma,0.03125,C,32,283,6
663,45,125,354,Fold01,0.8567818028643639,0.8872180451127819,0.8413705583756346,0.8642943017442082,eclipse,svm,smote,cv10,Accuracy,150,long_description,sigma,0.03125,C,32,1087,6
663,45,128,351,Fold02,0.8542544229149115,0.8863636363636364,0.8381795195954488,0.8622715779795426,eclipse,svm,smote,cv10,Accuracy,150,long_description,sigma,0.03125,C,32,1087,6
654,54,102,376,Fold03,0.8684654300168634,0.8744186046511628,0.8650793650793651,0.869748984865264,eclipse,svm,smote,cv10,Accuracy,150,long_description,sigma,0.03125,C,32,1087,6
650,58,96,383,Fold04,0.8702611625947767,0.8684807256235828,0.871313672922252,0.8698971992729174,eclipse,svm,smote,cv10,Accuracy,150,long_description,sigma,0.03125,C,32,1087,6
646,61,117,361,Fold05,0.849789029535865,0.8554502369668247,0.8466579292267365,0.8510540830967805,eclipse,svm,smote,cv10,Accuracy,150,long_description,sigma,0.03125,C,32,1087,6
645,63,94,384,Fold06,0.8676222596964587,0.8590604026845637,0.8728010825439784,0.865930742614271,eclipse,svm,smote,cv10,Accuracy,150,long_description,sigma,0.03125,C,32,1087,6
650,57,120,359,Fold07,0.8507588532883642,0.8629807692307693,0.8441558441558441,0.8535683066933066,eclipse,svm,smote,cv10,Accuracy,150,long_description,sigma,0.03125,C,32,1087,6
634,74,102,377,Fold08,0.8517270429654591,0.835920177383592,0.8614130434782609,0.8486666104309264,eclipse,svm,smote,cv10,Accuracy,150,long_description,sigma,0.03125,C,32,1087,6
645,63,115,363,Fold09,0.8499156829679595,0.852112676056338,0.8486842105263158,0.850398443291327,eclipse,svm,smote,cv10,Accuracy,150,long_description,sigma,0.03125,C,32,1087,6
650,57,109,370,Fold10,0.8600337268128162,0.8665105386416861,0.8563899868247694,0.8614502627332278,eclipse,svm,smote,cv10,Accuracy,150,long_description,sigma,0.03125,C,32,1087,6
641,66,106,372,Fold01,0.8548523206751055,0.8493150684931506,0.85809906291834,0.8537070657057453,eclipse,svm,smote,cv10,Accuracy,150,long_description,sigma,0.03125,C,32,2293,6
662,45,113,365,Fold02,0.8666666666666667,0.8902439024390244,0.8541935483870968,0.8722187254130607,eclipse,svm,smote,cv10,Accuracy,150,long_description,sigma,0.03125,C,32,2293,6
664,43,94,385,Fold03,0.8844856661045531,0.8995327102803738,0.8759894459102903,0.887761078095332,eclipse,svm,smote,cv10,Accuracy,150,long_description,sigma,0.03125,C,32,2293,6
649,59,126,353,Fold04,0.8441449031171019,0.8567961165048543,0.8374193548387097,0.847107735671782,eclipse,svm,smote,cv10,Accuracy,150,long_description,sigma,0.03125,C,32,2293,6
645,63,111,367,Fold05,0.8532883642495784,0.8534883720930233,0.8531746031746031,0.8533314876338132,eclipse,svm,smote,cv10,Accuracy,150,long_description,sigma,0.03125,C,32,2293,6
650,58,108,370,Fold06,0.8600337268128162,0.8644859813084113,0.8575197889182058,0.8610028851133085,eclipse,svm,smote,cv10,Accuracy,150,long_description,sigma,0.03125,C,32,2293,6
653,55,127,352,Fold07,0.8466722830665543,0.8648648648648649,0.8371794871794872,0.8510221760221761,eclipse,svm,smote,cv10,Accuracy,150,long_description,sigma,0.03125,C,32,2293,6
645,63,106,373,Fold08,0.8576242628475147,0.8555045871559633,0.8588548601864181,0.8571797236711907,eclipse,svm,smote,cv10,Accuracy,150,long_description,sigma,0.03125,C,32,2293,6
654,54,115,364,Fold09,0.8576242628475147,0.8708133971291866,0.8504551365409623,0.8606342668350744,eclipse,svm,smote,cv10,Accuracy,150,long_description,sigma,0.03125,C,32,2293,6
648,60,98,381,Fold10,0.8668913226621735,0.8639455782312925,0.868632707774799,0.8662891430030457,eclipse,svm,smote,cv10,Accuracy,150,long_description,sigma,0.03125,C,32,2293,6
643,64,103,375,Fold01,0.8590717299578059,0.8542141230068337,0.8619302949061662,0.8580722089565,eclipse,svm,smote,cv10,Accuracy,150,long_description,sigma,0.03125,C,32,3581,6
654,54,104,374,Fold02,0.866779089376054,0.8738317757009346,0.862796833773087,0.8683143047370108,eclipse,svm,smote,cv10,Accuracy,150,long_description,sigma,0.03125,C,32,3581,6
653,55,107,372,Fold03,0.8635214827295703,0.8711943793911007,0.8592105263157894,0.865202452853445,eclipse,svm,smote,cv10,Accuracy,150,long_description,sigma,0.03125,C,32,3581,6
657,51,87,392,Fold04,0.8837405223251895,0.8848758465011287,0.8830645161290323,0.8839701813150804,eclipse,svm,smote,cv10,Accuracy,150,long_description,sigma,0.03125,C,32,3581,6
640,67,97,382,Fold05,0.8617200674536256,0.8507795100222717,0.8683853459972863,0.859582428009779,eclipse,svm,smote,cv10,Accuracy,150,long_description,sigma,0.03125,C,32,3581,6
651,57,118,360,Fold06,0.8524451939291737,0.8633093525179856,0.846553966189857,0.8549316593539213,eclipse,svm,smote,cv10,Accuracy,150,long_description,sigma,0.03125,C,32,3581,6
654,53,119,359,Fold07,0.8548523206751055,0.8713592233009708,0.8460543337645536,0.8587067785327622,eclipse,svm,smote,cv10,Accuracy,150,long_description,sigma,0.03125,C,32,3581,6
661,47,111,368,Fold08,0.8668913226621735,0.8867469879518072,0.8562176165803109,0.871482302266059,eclipse,svm,smote,cv10,Accuracy,150,long_description,sigma,0.03125,C,32,3581,6
640,68,114,365,Fold09,0.8466722830665543,0.8429561200923787,0.8488063660477454,0.8458812430700621,eclipse,svm,smote,cv10,Accuracy,150,long_description,sigma,0.03125,C,32,3581,6
644,64,123,356,Fold10,0.8424599831508003,0.8476190476190476,0.8396349413298566,0.8436269944744521,eclipse,svm,smote,cv10,Accuracy,150,long_description,sigma,0.03125,C,32,3581,6
730,36,28,697,Fold01,0.9570757880617036,0.9508867667121419,0.9630606860158312,0.9569737263639866,eclipse,svm,smote,cv10,Accuracy,150,long_description,sigma,0.03125,C,32,144,7
719,47,38,687,Fold02,0.9429912810194501,0.9359673024523161,0.9498018494055482,0.9428845759289322,eclipse,svm,smote,cv10,Accuracy,150,long_description,sigma,0.03125,C,32,144,7
730,36,31,694,Fold03,0.9550637156270959,0.9506849315068493,0.9592641261498029,0.9549745288283261,eclipse,svm,smote,cv10,Accuracy,150,long_description,sigma,0.03125,C,32,144,7
733,33,34,691,Fold04,0.9550637156270959,0.9544198895027625,0.9556714471968709,0.9550456683498167,eclipse,svm,smote,cv10,Accuracy,150,long_description,sigma,0.03125,C,32,144,7
724,41,30,695,Fold05,0.9523489932885906,0.9442934782608695,0.9602122015915119,0.9522528399261907,eclipse,svm,smote,cv10,Accuracy,150,long_description,sigma,0.03125,C,32,144,7
723,43,38,686,Fold06,0.9456375838926174,0.9410150891632373,0.9500657030223391,0.9455403960927882,eclipse,svm,smote,cv10,Accuracy,150,long_description,sigma,0.03125,C,32,144,7
716,49,30,695,Fold07,0.946979865771812,0.9341397849462365,0.9597855227882037,0.9469626538672201,eclipse,svm,smote,cv10,Accuracy,150,long_description,sigma,0.03125,C,32,144,7
719,47,48,676,Fold08,0.9362416107382551,0.9349930843706777,0.9374185136897001,0.9362057990301889,eclipse,svm,smote,cv10,Accuracy,150,long_description,sigma,0.03125,C,32,144,7
727,39,32,693,Fold09,0.9523809523809523,0.9467213114754098,0.9578392621870883,0.952280286831249,eclipse,svm,smote,cv10,Accuracy,150,long_description,sigma,0.03125,C,32,144,7
724,42,32,693,Fold10,0.9503688799463448,0.9428571428571428,0.9576719576719577,0.9502645502645503,eclipse,svm,smote,cv10,Accuracy,150,long_description,sigma,0.03125,C,32,144,7
726,40,45,680,Fold01,0.9429912810194501,0.9444444444444444,0.9416342412451362,0.9430393428447903,eclipse,svm,smote,cv10,Accuracy,150,long_description,sigma,0.03125,C,32,283,7
729,37,32,693,Fold02,0.9537223340040242,0.9493150684931507,0.9579500657030223,0.9536325670980865,eclipse,svm,smote,cv10,Accuracy,150,long_description,sigma,0.03125,C,32,283,7
724,42,23,702,Fold03,0.9564050972501676,0.9435483870967742,0.9692101740294511,0.9563792805631126,eclipse,svm,smote,cv10,Accuracy,150,long_description,sigma,0.03125,C,32,283,7
726,40,40,684,Fold04,0.9463087248322147,0.9447513812154696,0.9477806788511749,0.9462660300333223,eclipse,svm,smote,cv10,Accuracy,150,long_description,sigma,0.03125,C,32,283,7
733,33,34,691,Fold05,0.9550637156270959,0.9544198895027625,0.9556714471968709,0.9550456683498167,eclipse,svm,smote,cv10,Accuracy,150,long_description,sigma,0.03125,C,32,283,7
725,40,37,688,Fold06,0.9483221476510068,0.945054945054945,0.9514435695538058,0.9482492573043755,eclipse,svm,smote,cv10,Accuracy,150,long_description,sigma,0.03125,C,32,283,7
717,49,36,688,Fold07,0.9429530201342282,0.9335142469470827,0.952191235059761,0.9428527410034219,eclipse,svm,smote,cv10,Accuracy,150,long_description,sigma,0.03125,C,32,283,7
721,45,34,691,Fold08,0.9470154258886653,0.938858695652174,0.9549668874172186,0.9469127915346962,eclipse,svm,smote,cv10,Accuracy,150,long_description,sigma,0.03125,C,32,283,7
719,47,36,689,Fold09,0.9443326626425218,0.936141304347826,0.952317880794702,0.944229592571264,eclipse,svm,smote,cv10,Accuracy,150,long_description,sigma,0.03125,C,32,283,7
723,42,45,680,Fold10,0.9416107382550336,0.9418282548476454,0.94140625,0.9416172524238227,eclipse,svm,smote,cv10,Accuracy,150,long_description,sigma,0.03125,C,32,283,7
721,45,49,675,Fold01,0.9369127516778524,0.9375,0.9363636363636364,0.9369318181818183,eclipse,svm,smote,cv10,Accuracy,150,long_description,sigma,0.03125,C,32,1087,7
726,40,45,680,Fold02,0.9429912810194501,0.9444444444444444,0.9416342412451362,0.9430393428447903,eclipse,svm,smote,cv10,Accuracy,150,long_description,sigma,0.03125,C,32,1087,7
730,36,37,688,Fold03,0.9510395707578806,0.9502762430939227,0.9517601043024772,0.9510181736982,eclipse,svm,smote,cv10,Accuracy,150,long_description,sigma,0.03125,C,32,1087,7
726,40,44,681,Fold04,0.9436619718309859,0.9445214979195562,0.9428571428571428,0.9436893203883495,eclipse,svm,smote,cv10,Accuracy,150,long_description,sigma,0.03125,C,32,1087,7
732,34,24,701,Fold05,0.9610999329309189,0.9537414965986395,0.9682539682539683,0.9609977324263039,eclipse,svm,smote,cv10,Accuracy,150,long_description,sigma,0.03125,C,32,1087,7
723,43,38,687,Fold06,0.9456740442655935,0.9410958904109589,0.9500657030223391,0.945580796716649,eclipse,svm,smote,cv10,Accuracy,150,long_description,sigma,0.03125,C,32,1087,7
708,57,39,685,Fold07,0.9355271994627267,0.9231805929919138,0.9477911646586346,0.9354858788252742,eclipse,svm,smote,cv10,Accuracy,150,long_description,sigma,0.03125,C,32,1087,7
719,47,44,681,Fold08,0.9389671361502347,0.9354395604395604,0.9423328964613368,0.9388862284504487,eclipse,svm,smote,cv10,Accuracy,150,long_description,sigma,0.03125,C,32,1087,7
735,31,38,687,Fold09,0.9537223340040242,0.9568245125348189,0.9508408796895214,0.9538326961121701,eclipse,svm,smote,cv10,Accuracy,150,long_description,sigma,0.03125,C,32,1087,7
729,36,40,685,Fold10,0.9489932885906041,0.9500693481276006,0.9479843953185956,0.9490268717230981,eclipse,svm,smote,cv10,Accuracy,150,long_description,sigma,0.03125,C,32,1087,7
735,30,45,680,Fold01,0.9496644295302014,0.9577464788732394,0.9423076923076923,0.9500270855904658,eclipse,svm,smote,cv10,Accuracy,150,long_description,sigma,0.03125,C,32,2293,7
727,38,36,689,Fold02,0.9503355704697987,0.9477303988995873,0.9528178243774574,0.9502741116385224,eclipse,svm,smote,cv10,Accuracy,150,long_description,sigma,0.03125,C,32,2293,7
724,42,38,686,Fold03,0.9463087248322147,0.9423076923076923,0.9501312335958005,0.9462194629517464,eclipse,svm,smote,cv10,Accuracy,150,long_description,sigma,0.03125,C,32,2293,7
721,45,37,688,Fold04,0.9450033534540577,0.9386084583901774,0.9511873350923483,0.9448978967412629,eclipse,svm,smote,cv10,Accuracy,150,long_description,sigma,0.03125,C,32,2293,7
709,57,39,686,Fold05,0.9356136820925554,0.9232839838492598,0.9478609625668449,0.9355724732080524,eclipse,svm,smote,cv10,Accuracy,150,long_description,sigma,0.03125,C,32,2293,7
728,38,40,684,Fold06,0.9476510067114094,0.9473684210526315,0.9479166666666666,0.9476425438596491,eclipse,svm,smote,cv10,Accuracy,150,long_description,sigma,0.03125,C,32,2293,7
724,42,31,694,Fold07,0.9510395707578806,0.9429347826086957,0.9589403973509933,0.9509375899798445,eclipse,svm,smote,cv10,Accuracy,150,long_description,sigma,0.03125,C,32,2293,7
717,49,40,685,Fold08,0.9403085177733065,0.9332425068119891,0.9471598414795245,0.9402011741457568,eclipse,svm,smote,cv10,Accuracy,150,long_description,sigma,0.03125,C,32,2293,7
723,43,29,696,Fold09,0.9517102615694165,0.9418132611637348,0.961436170212766,0.9516247156882504,eclipse,svm,smote,cv10,Accuracy,150,long_description,sigma,0.03125,C,32,2293,7
727,39,40,685,Fold10,0.9470154258886653,0.9461325966850829,0.9478487614080835,0.9469906790465832,eclipse,svm,smote,cv10,Accuracy,150,long_description,sigma,0.03125,C,32,2293,7
740,25,39,685,Fold01,0.9570181329751511,0.9647887323943662,0.9499358151476252,0.9573622737709957,eclipse,svm,smote,cv10,Accuracy,150,long_description,sigma,0.03125,C,32,3581,7
734,32,36,689,Fold02,0.95439302481556,0.955617198335645,0.9532467532467532,0.9544319757911991,eclipse,svm,smote,cv10,Accuracy,150,long_description,sigma,0.03125,C,32,3581,7
724,42,36,689,Fold03,0.9476861167002012,0.9425444596443229,0.9526315789473684,0.9475880192958457,eclipse,svm,smote,cv10,Accuracy,150,long_description,sigma,0.03125,C,32,3581,7
727,39,43,682,Fold04,0.9450033534540577,0.9459084604715673,0.9441558441558442,0.9450321523137057,eclipse,svm,smote,cv10,Accuracy,150,long_description,sigma,0.03125,C,32,3581,7
724,41,31,693,Fold05,0.951645399597045,0.944141689373297,0.9589403973509933,0.9515410433621452,eclipse,svm,smote,cv10,Accuracy,150,long_description,sigma,0.03125,C,32,3581,7
725,41,36,689,Fold06,0.9483568075117371,0.9438356164383561,0.9526938239159002,0.9482647201771282,eclipse,svm,smote,cv10,Accuracy,150,long_description,sigma,0.03125,C,32,3581,7
719,47,42,683,Fold07,0.9403085177733065,0.9356164383561644,0.9448094612352168,0.9402129497956906,eclipse,svm,smote,cv10,Accuracy,150,long_description,sigma,0.03125,C,32,3581,7
723,43,44,681,Fold08,0.9416498993963782,0.9406077348066298,0.9426336375488917,0.9416206861777607,eclipse,svm,smote,cv10,Accuracy,150,long_description,sigma,0.03125,C,32,3581,7
724,42,21,704,Fold09,0.9577464788732394,0.9436997319034852,0.9718120805369127,0.957755906220199,eclipse,svm,smote,cv10,Accuracy,150,long_description,sigma,0.03125,C,32,3581,7
723,43,37,688,Fold10,0.9463447350771295,0.9411764705882353,0.9513157894736842,0.9462461300309597,eclipse,svm,smote,cv10,Accuracy,150,long_description,sigma,0.03125,C,32,3581,7
861,16,3,837,Fold01,0.9889341875364007,0.981242672919109,0.9965277777777778,0.9888852253484435,eclipse,svm,smote,cv10,Accuracy,150,long_description,sigma,0.03125,C,32,144,8
864,13,2,838,Fold02,0.9912638322655795,0.9847238542890717,0.9976905311778291,0.9912071927334505,eclipse,svm,smote,cv10,Accuracy,150,long_description,sigma,0.03125,C,32,144,8
864,13,2,838,Fold03,0.9912638322655795,0.9847238542890717,0.9976905311778291,0.9912071927334505,eclipse,svm,smote,cv10,Accuracy,150,long_description,sigma,0.03125,C,32,144,8
865,12,2,838,Fold04,0.9918462434478742,0.9858823529411764,0.9976931949250288,0.9917877739331027,eclipse,svm,smote,cv10,Accuracy,150,long_description,sigma,0.03125,C,32,144,8
865,12,3,837,Fold05,0.9912638322655795,0.9858657243816255,0.9965437788018433,0.9912047515917344,eclipse,svm,smote,cv10,Accuracy,150,long_description,sigma,0.03125,C,32,144,8
866,11,2,838,Fold06,0.9924286546301689,0.9870435806831567,0.9976958525345622,0.9923697166088594,eclipse,svm,smote,cv10,Accuracy,150,long_description,sigma,0.03125,C,32,144,8
866,11,5,835,Fold07,0.9906814210832848,0.9869976359338062,0.9942594718714122,0.9906285539026092,eclipse,svm,smote,cv10,Accuracy,150,long_description,sigma,0.03125,C,32,144,8
871,6,4,836,Fold08,0.994175888177053,0.9928741092636579,0.9954285714285714,0.9941513403461146,eclipse,svm,smote,cv10,Accuracy,150,long_description,sigma,0.03125,C,32,144,8
871,6,4,836,Fold09,0.994175888177053,0.9928741092636579,0.9954285714285714,0.9941513403461146,eclipse,svm,smote,cv10,Accuracy,150,long_description,sigma,0.03125,C,32,144,8
868,9,1,839,Fold10,0.994175888177053,0.9893867924528302,0.998849252013809,0.9941180222333197,eclipse,svm,smote,cv10,Accuracy,150,long_description,sigma,0.03125,C,32,144,8
863,14,3,837,Fold01,0.9900990099009901,0.9835487661574618,0.9965357967667436,0.9900422814621027,eclipse,svm,smote,cv10,Accuracy,150,long_description,sigma,0.03125,C,32,283,8
862,15,4,836,Fold02,0.9889341875364007,0.982373678025852,0.9953810623556582,0.9888773701907551,eclipse,svm,smote,cv10,Accuracy,150,long_description,sigma,0.03125,C,32,283,8
872,5,1,839,Fold03,0.9965055329062318,0.9940758293838863,0.9988545246277205,0.9964651770058034,eclipse,svm,smote,cv10,Accuracy,150,long_description,sigma,0.03125,C,32,283,8
869,8,5,835,Fold04,0.9924286546301689,0.9905100830367735,0.994279176201373,0.9923946296190732,eclipse,svm,smote,cv10,Accuracy,150,long_description,sigma,0.03125,C,32,283,8
865,12,2,838,Fold05,0.9918462434478742,0.9858823529411764,0.9976931949250288,0.9917877739331027,eclipse,svm,smote,cv10,Accuracy,150,long_description,sigma,0.03125,C,32,283,8
866,11,9,831,Fold06,0.988351776354106,0.9869358669833729,0.9897142857142858,0.9883250763488294,eclipse,svm,smote,cv10,Accuracy,150,long_description,sigma,0.03125,C,32,283,8
866,11,3,837,Fold07,0.9918462434478742,0.9870283018867925,0.996547756041427,0.9917880289641097,eclipse,svm,smote,cv10,Accuracy,150,long_description,sigma,0.03125,C,32,283,8
870,7,2,838,Fold08,0.9947582993593477,0.991715976331361,0.9977064220183486,0.9947111991748547,eclipse,svm,smote,cv10,Accuracy,150,long_description,sigma,0.03125,C,32,283,8
865,12,0,840,Fold09,0.9930110658124636,0.9859154929577465,1,0.9929577464788732,eclipse,svm,smote,cv10,Accuracy,150,long_description,sigma,0.03125,C,32,283,8
864,13,5,835,Fold10,0.9895165987186954,0.9846698113207547,0.9942462600690449,0.9894580356948999,eclipse,svm,smote,cv10,Accuracy,150,long_description,sigma,0.03125,C,32,283,8
869,8,3,837,Fold01,0.9935934769947583,0.9905325443786982,0.9965596330275229,0.9935460887031106,eclipse,svm,smote,cv10,Accuracy,150,long_description,sigma,0.03125,C,32,1087,8
867,10,0,840,Fold02,0.994175888177053,0.9882352941176471,1,0.9941176470588236,eclipse,svm,smote,cv10,Accuracy,150,long_description,sigma,0.03125,C,32,1087,8
863,14,2,838,Fold03,0.9906814210832848,0.9835680751173709,0.9976878612716763,0.9906279681945236,eclipse,svm,smote,cv10,Accuracy,150,long_description,sigma,0.03125,C,32,1087,8
864,13,1,839,Fold04,0.9918462434478742,0.9847417840375586,0.9988439306358381,0.9917928573366983,eclipse,svm,smote,cv10,Accuracy,150,long_description,sigma,0.03125,C,32,1087,8
868,9,0,840,Fold05,0.9947582993593477,0.9893992932862191,1,0.9946996466431095,eclipse,svm,smote,cv10,Accuracy,150,long_description,sigma,0.03125,C,32,1087,8
867,10,3,837,Fold06,0.9924286546301689,0.9881936245572609,0.996551724137931,0.992372674347596,eclipse,svm,smote,cv10,Accuracy,150,long_description,sigma,0.03125,C,32,1087,8
871,6,6,834,Fold07,0.9930110658124636,0.9928571428571429,0.9931584948688712,0.993007818863007,eclipse,svm,smote,cv10,Accuracy,150,long_description,sigma,0.03125,C,32,1087,8
866,11,1,839,Fold08,0.9930110658124636,0.9870588235294118,0.9988465974625144,0.992952710495963,eclipse,svm,smote,cv10,Accuracy,150,long_description,sigma,0.03125,C,32,1087,8
866,11,5,835,Fold09,0.9906814210832848,0.9869976359338062,0.9942594718714122,0.9906285539026092,eclipse,svm,smote,cv10,Accuracy,150,long_description,sigma,0.03125,C,32,1087,8
863,14,3,837,Fold10,0.9900990099009901,0.9835487661574618,0.9965357967667436,0.9900422814621027,eclipse,svm,smote,cv10,Accuracy,150,long_description,sigma,0.03125,C,32,1087,8
859,18,1,839,Fold01,0.9889341875364007,0.9789964994165694,0.9988372093023256,0.9889168543594475,eclipse,svm,smote,cv10,Accuracy,150,long_description,sigma,0.03125,C,32,2293,8
875,2,3,837,Fold02,0.9970879440885265,0.9976162097735399,0.9965831435079726,0.9970996766407563,eclipse,svm,smote,cv10,Accuracy,150,long_description,sigma,0.03125,C,32,2293,8
866,11,3,837,Fold03,0.9918462434478742,0.9870283018867925,0.996547756041427,0.9917880289641097,eclipse,svm,smote,cv10,Accuracy,150,long_description,sigma,0.03125,C,32,2293,8
867,10,1,839,Fold04,0.9935934769947583,0.9882214369846879,0.9988479262672811,0.9935346816259845,eclipse,svm,smote,cv10,Accuracy,150,long_description,sigma,0.03125,C,32,2293,8
867,10,4,836,Fold05,0.9918462434478742,0.9881796690307328,0.9954075774971297,0.9917936232639313,eclipse,svm,smote,cv10,Accuracy,150,long_description,sigma,0.03125,C,32,2293,8
868,9,7,833,Fold06,0.9906814210832848,0.9893111638954869,0.992,0.9906555819477434,eclipse,svm,smote,cv10,Accuracy,150,long_description,sigma,0.03125,C,32,2293,8
860,17,3,837,Fold07,0.988351776354106,0.9800936768149883,0.996523754345307,0.9883087155801477,eclipse,svm,smote,cv10,Accuracy,150,long_description,sigma,0.03125,C,32,2293,8
867,10,1,839,Fold08,0.9935934769947583,0.9882214369846879,0.9988479262672811,0.9935346816259845,eclipse,svm,smote,cv10,Accuracy,150,long_description,sigma,0.03125,C,32,2293,8
867,10,6,834,Fold09,0.9906814210832848,0.9881516587677726,0.993127147766323,0.9906394032670478,eclipse,svm,smote,cv10,Accuracy,150,long_description,sigma,0.03125,C,32,2293,8
862,15,6,834,Fold10,0.9877693651718114,0.9823321554770318,0.9930875576036866,0.9877098565403593,eclipse,svm,smote,cv10,Accuracy,150,long_description,sigma,0.03125,C,32,2293,8
868,9,5,835,Fold01,0.9918462434478742,0.9893364928909952,0.9942726231386025,0.9918045580147989,eclipse,svm,smote,cv10,Accuracy,150,long_description,sigma,0.03125,C,32,3581,8
869,8,3,837,Fold02,0.9935934769947583,0.9905325443786982,0.9965596330275229,0.9935460887031106,eclipse,svm,smote,cv10,Accuracy,150,long_description,sigma,0.03125,C,32,3581,8
869,8,2,838,Fold03,0.994175888177053,0.9905437352245863,0.9977037887485649,0.9941237619865756,eclipse,svm,smote,cv10,Accuracy,150,long_description,sigma,0.03125,C,32,3581,8
867,10,9,831,Fold04,0.9889341875364007,0.9881093935790726,0.9897260273972602,0.9889177104881663,eclipse,svm,smote,cv10,Accuracy,150,long_description,sigma,0.03125,C,32,3581,8
864,13,6,834,Fold05,0.9889341875364007,0.9846517119244392,0.993103448275862,0.9888775801001506,eclipse,svm,smote,cv10,Accuracy,150,long_description,sigma,0.03125,C,32,3581,8
861,16,2,838,Fold06,0.9895165987186954,0.9812646370023419,0.9976825028968713,0.9894735699496067,eclipse,svm,smote,cv10,Accuracy,150,long_description,sigma,0.03125,C,32,3581,8
864,13,2,838,Fold07,0.9912638322655795,0.9847238542890717,0.9976905311778291,0.9912071927334505,eclipse,svm,smote,cv10,Accuracy,150,long_description,sigma,0.03125,C,32,3581,8
870,7,5,835,Fold08,0.9930110658124636,0.9916864608076009,0.9942857142857143,0.9929860875466576,eclipse,svm,smote,cv10,Accuracy,150,long_description,sigma,0.03125,C,32,3581,8
862,15,4,836,Fold09,0.9889341875364007,0.982373678025852,0.9953810623556582,0.9888773701907551,eclipse,svm,smote,cv10,Accuracy,150,long_description,sigma,0.03125,C,32,3581,8
864,13,5,835,Fold10,0.9895165987186954,0.9846698113207547,0.9942462600690449,0.9894580356948999,eclipse,svm,smote,cv10,Accuracy,150,long_description,sigma,0.03125,C,32,3581,8
